{"accuracy": [0.6595159769058228, 0.7443244457244873, 0.7859286069869995, 0.8108810782432556, 0.8313831090927124, 0.8463346362113953, 0.8598859906196594, 0.8764376640319824, 0.8924892544746399, 0.9070907235145569, 0.920642077922821, 0.9275427460670471, 0.9404440522193909], "val_accuracy": [0.6376000046730042, 0.657800018787384, 0.6424000263214111, 0.5573999881744385, 0.8112000226974487, 0.7128000259399414, 0.6848000288009644, 0.8144000172615051, 0.7983999848365784, 0.8205999732017517, 0.7182000279426575, 0.7268000245094299, 0.6467999815940857], "loss": [0.6646928787231445, 0.5192946791648865, 0.453866571187973, 0.4121958017349243, 0.37540510296821594, 0.34377768635749817, 0.3185027241706848, 0.284464955329895, 0.2554015815258026, 0.22332480549812317, 0.19377781450748444, 0.17927135527133942, 0.14918944239616394], "val_loss": [0.6409908533096313, 0.6381657123565674, 0.7293441891670227, 0.9139885902404785, 0.41107210516929626, 0.599350094795227, 0.6874696612358093, 0.40231791138648987, 0.461642324924469, 0.45942074060440063, 0.7504305839538574, 0.7516487836837769, 1.5676156282424927]}